protein_id,gene_name,molecular_weight_kda,expression_level,p_value,organism,cellular_location
P00001,TP53,43.7,3.2,0.001,human,nucleus
P00002,EGFR,134.3,1.8,0.045,human,membrane
P00003,BRCA1,207.7,0.9,0.210,human,nucleus
P00004,MYC,48.8,4.5,0.002,human,nucleus
P00005,PTEN,47.0,1.2,0.380,human,cytoplasm
P00006,VEGFA,27.0,2.7,0.009,human,extracellular
P00007,AKT1,55.7,3.8,0.003,human,cytoplasm
P00008,KRAS,21.6,2.1,0.070,human,membrane
P00009,CDK2,33.9,1.5,0.150,human,nucleus
P00010,MDM2,54.2,2.9,0.012,human,nucleus
P00011,BCL2,26.2,3.4,0.005,human,mitochondria
P00012,STAT3,92.1,2.6,0.018,human,nucleus
P00013,NOTCH1,272.5,1.1,0.290,human,membrane
P00014,WNT5A,41.7,1.9,0.088,human,extracellular
P00015,FGF2,22.2,2.3,0.034,human,extracellular
P00016,HIF1A,92.9,1.7,0.130,human,nucleus
P00017,NFkB,60.0,2.8,0.015,human,nucleus
P00018,MAPK1,41.4,3.0,0.007,human,cytoplasm
P00019,PIK3CA,119.4,2.2,0.055,human,membrane
P00020,MTOR,288.8,1.4,0.200,human,cytoplasm
P00021,CDKN2A,15.8,0.8,0.420,human,nucleus
P00022,RB1,106.2,1.0,0.350,human,nucleus
P00023,ERBB2,137.9,2.5,0.022,human,membrane
P00024,MET,155.5,1.6,0.160,human,membrane
P00025,JAK2,130.1,2.0,0.075,mouse,cytoplasm
P00026,SMAD4,60.4,1.3,0.250,mouse,nucleus
P00027,PDGFRA,122.0,1.7,0.120,mouse,membrane
P00028,FLT3,112.6,0.7,0.480,mouse,membrane
P00029,ALK,176.2,1.5,0.175,mouse,membrane
P00030,RET,123.5,1.1,0.310,mouse,membrane
P00031,BRAF,84.5,2.4,0.028,mouse,cytoplasm
P00032,RAF1,73.1,2.7,0.011,mouse,cytoplasm
P00033,MEK1,43.4,3.1,0.006,mouse,cytoplasm
P00034,ERK2,41.4,3.3,0.004,mouse,cytoplasm
P00035,SRC,59.8,2.6,0.019,mouse,membrane
P00036,ABL1,122.9,1.8,0.095,mouse,cytoplasm
P00037,PTPN11,68.4,1.4,0.215,mouse,cytoplasm
P00038,GRB2,25.2,2.0,0.080,mouse,cytoplasm
P00039,SOS1,151.8,1.2,0.280,mouse,cytoplasm
P00040,HRAS,21.3,1.9,0.092,mouse,membrane
P00041,NRAS,21.2,2.1,0.065,rat,membrane
P00042,CDC42,21.2,1.6,0.145,rat,membrane
P00043,RAC1,21.3,1.8,0.105,rat,membrane
P00044,RHOA,21.8,2.3,0.038,rat,membrane
P00045,ROCK1,158.3,1.0,0.340,rat,cytoplasm
P00046,LIMK1,71.8,1.4,0.205,rat,cytoplasm
P00047,COFILIN,18.7,3.5,0.003,rat,cytoplasm
P00048,ACTIN,41.7,4.8,0.001,rat,cytoplasm
P00049,TUBULIN,50.0,4.2,0.002,rat,cytoplasm
P00050,VIM,53.6,2.9,0.013,rat,cytoplasm
P00051,CDH1,97.4,1.5,0.180,rat,membrane
P00052,CDH2,99.7,1.3,0.240,rat,membrane
P00053,SNAI1,29.1,0.9,0.400,rat,nucleus
P00054,TWIST1,21.1,0.8,0.440,rat,nucleus
P00055,ZEB1,124.2,0.7,0.490,rat,nucleus
P00056,MMP2,74.0,2.2,0.052,human,extracellular
P00057,MMP9,78.5,1.9,0.085,human,extracellular
P00058,TIMP1,28.5,2.6,0.020,human,extracellular
P00059,TGFB1,44.3,1.7,0.125,human,extracellular
P00060,SMAD2,52.3,2.0,0.078,human,nucleus
P00061,SMAD3,48.1,1.8,0.100,human,nucleus
P00062,FOXO1,69.6,1.1,0.320,human,nucleus
P00063,FOXO3,82.2,1.3,0.250,human,nucleus
P00064,SIRT1,81.7,1.6,0.155,human,nucleus
P00065,ATM,350.7,0.9,0.420,human,nucleus
P00066,ATR,302.9,1.0,0.360,human,nucleus
P00067,CHEK1,54.4,1.4,0.195,human,nucleus
P00068,CHEK2,61.3,1.2,0.275,human,nucleus
P00069,CASP3,31.5,2.3,0.040,human,cytoplasm
P00070,CASP9,46.1,1.9,0.090,human,mitochondria
P00071,CYCS,11.7,3.7,0.003,human,mitochondria
P00072,BAX,21.2,2.1,0.065,human,mitochondria
P00073,BAD,18.4,1.7,0.115,human,mitochondria
P00074,BMF,18.3,1.4,0.205,human,mitochondria
P00075,PUMA,26.2,1.1,0.310,human,mitochondria
P00076,NOXA,6.8,0.9,0.410,human,mitochondria
P00077,APAF1,130.8,1.6,0.150,human,cytoplasm
P00078,XIAP,54.3,2.4,0.030,human,cytoplasm
P00079,SURVIVIN,16.5,3.6,0.004,human,nucleus
P00080,MCL1,36.7,2.8,0.014,human,mitochondria
P00081,CCND1,34.3,3.0,0.008,human,nucleus
P00082,CCNE1,47.1,2.7,0.016,human,nucleus
P00083,CCNA2,48.9,2.5,0.024,human,nucleus
P00084,CCNB1,48.7,2.2,0.050,human,nucleus
P00085,CDK4,33.7,2.0,0.077,human,nucleus
P00086,CDK6,36.9,1.8,0.098,human,nucleus
P00087,CDK1,34.1,2.8,0.015,human,nucleus
P00088,PLK1,67.9,3.2,0.006,human,nucleus
P00089,AURKA,46.2,2.9,0.011,human,nucleus
P00090,AURKB,39.3,2.6,0.020,human,nucleus
P00091,BUB1,123.7,1.5,0.175,human,nucleus
P00092,MAD2L1,24.2,1.7,0.120,human,nucleus
P00093,SEC61A1,52.0,2.1,0.068,human,ER
P00094,HSP90AA1,84.7,3.9,0.003,human,cytoplasm
P00095,HSPA1A,70.0,4.0,0.002,human,cytoplasm
P00096,PARP1,113.1,1.6,0.148,human,nucleus
P00097,DNMT1,183.2,1.0,0.350,human,nucleus
P00098,EZH2,85.0,2.3,0.035,human,nucleus
P00099,KDM5A,181.4,1.4,0.210,human,nucleus
P00100,PCNA,28.8,3.4,0.005,human,nucleus
